{
  "data": {
    "users": {
      "edges": [
        {
          "node": {"id": "usr_1", "name": "Alice", "email": "alice@example.com"},
          "cursor": "YXJyYXljb25uZWN0aW9uOjA="
        },
        {
          "node": {"id": "usr_2", "name": "Bob", "email": "bob@example.com"},
          "cursor": "YXJyYXljb25uZWN0aW9uOjE="
        }
      ],
      "pageInfo": {
        "hasNextPage": true,
        "hasPreviousPage": false,
        "startCursor": "YXJyYXljb25uZWN0aW9uOjA=",
        "endCursor": "YXJyYXljb25uZWN0aW9uOjE="
      }
    }
  }
}
